id;nama;stok;lokasi;jenis;created_at;updated_at
1;Alkohol 70%;41000.00;-;Cair;NULL;10/08/2024 14:43
2;Alkohol 96%;21000.00;-;Cair;NULL;10/08/2024 14:44
3;Alkohol 98%;3.00;-;Cair;NULL;08/04/2024 12:47
4;Amil alkohol;1006.00;-;Cair;NULL;12/08/2024 09:59
5;Amoniak;3000.00;Rak Besi + Rak Besi Stok;Cair;NULL;09/08/2024 09:54
6;Amonium cair;95.00;Rak Besi;Cair;NULL;31/03/2024 13:21
7;Amonium hydroxide;4000.00;-;Cair;NULL;09/08/2024 09:55
8;Amonium oxalat;1500.00;Rak Besi;Cair;NULL;09/08/2024 10:04
9;Anisi oil;1000.00;-;Cair;NULL;09/08/2024 18:25
10;Aqua pro injeksi;9.00;-;Cair;NULL;05/04/2024 05:45
11;Aquadest;0.00;-;Cair;NULL;NULL
12;Asam Asetat 6%;250.00;Rak Besi Stok;Cair;NULL;NULL
13;Asam asetat anhidrat;1000.00;-;Cair;NULL;10/08/2024 15:06
14;Asam asetat glasial;2700.00;-;Cair;NULL;12/08/2024 09:55
15;Asam asetik anhidrat;0.00;-;Cair;NULL;NULL
16;Asam formic (CHOOH);0.00;-;Cair;NULL;NULL
17;Asam fosfat;500.00;Rak Besi Stok;Cair;NULL;09/08/2024 09:56
18;Asam Nitrat;1000.00;Rak Besi Stok;Cair;NULL;NULL
19;Asam Sitrat;1700.00;Rak Besi Stok;Cair;NULL;NULL
20;Aseton p.a;2000.00;Rak Besi Stok;Cair;NULL;09/08/2024 09:56
21;Aseton teknis;100.00;Rak Besi Stok;Cair;NULL;09/08/2024 09:56
22;Benedict;1000.00;Rak Besi Stok;Cair;NULL;09/08/2024 09:57
23;Benzalkonium;2500.00;Rak Besi Stok;Cair;NULL;09/08/2024 09:57
24;Benzen;2500.00;-;Cair;NULL;12/08/2024 09:56
25;Ca(OH)2 40%;1000.00;Rak Besi Stok;Cair;NULL;NULL
26;Citrate saline;300.00;Rak Besi + Rak Besi Stok;Cair;NULL;NULL
27;Diazo B;500.00;Rak Besi Stok;Cair;NULL;NULL
28;Dietil eter;2000.00;-;Cair;NULL;09/08/2024 18:29
29;Dragendorff;150.00;Rak Besi + Rak Besi Stok;Cair;NULL;NULL
30;Eosin 2%;0.00;-;Cair;NULL;NULL
31;Etanol 96%;4100.00;Rak Besi Stok;Cair;NULL;09/08/2024 09:58
32;Eter;5000.00;-;Cair;NULL;12/08/2024 09:48
33;Ethylene;500.00;Rak Besi + Rak Besi Stok;Cair;NULL;NULL
34;Etil asetat;12600.00;Rak Besi Stok;Cair;NULL;09/08/2024 18:16
35;Etil Eter;800.00;Rak Besi Stok;Cair;NULL;NULL
36;Fehling A;1500.00;Rak Besi Stok;Cair;NULL;09/08/2024 10:00
37;Fehling B;1000.00;Rak Besi Stok;Cair;NULL;09/08/2024 10:00
38;Fenol;2000.00;-;Cair;NULL;09/08/2024 10:00
39;Formalin;6200.00;Rak Besi Stok;Cair;NULL;09/08/2024 10:01
40;Fuchsin;0.00;-;Cair;NULL;NULL
41;Fuhsin;0.00;-;Cair;NULL;NULL
42;Gentian violet;100.00;Rak Besi Stok;Cair;NULL;NULL
43;Giemsa;0.00;-;Cair;NULL;NULL
44;Gliserin;3500.00;Rak Besi + Rak Besi Stok;Cair;NULL;NULL
45;Gliserin/gliserol;20000.00;Rak Besi Stok;Cair;NULL;09/08/2024 10:02
46;H2SO4;7500.00;Rak Besi Stok;Cair;NULL;09/08/2024 18:19
47;HCl;1000.00;Rak Besi Stok;Cair;NULL;09/08/2024 10:03
48;Hemoglobin C;1000.00;-;Cair;NULL;09/08/2024 18:30
49;HNO3;4000.00;Rak Besi Stok;Cair;NULL;NULL
50;I-Butanol;1000.00;-;Cair;NULL;09/08/2024 18:26
51;Isopropyl Myristate;4600.00;Rak Besi Stok;Cair;NULL;12/08/2024 10:23
52;Karbopol;1000.00;Rak Besi Stok;Cair;NULL;NULL
53;Kloroform;2000.00;-;Cair;NULL;14/08/2024 10:19
54;Lactophenol cotton blue;0.00;-;Cair;NULL;NULL
55;LB;0.00;-;Cair;NULL;NULL
56;Lugol;500.00;-;Cair;NULL;09/08/2024 18:27
57;Malachite green oxalate;0.00;-;Cair;NULL;NULL
58;Mayer;100.00;-;Cair;NULL;09/08/2024 18:11
59;Metanol p.a;6000.00;-;Cair;NULL;09/08/2024 18:24
60;Metanol teknis;7500.00;Rak Besi Stok;Cair;NULL;09/08/2024 10:04
61;Metil Etil Keton;1000.00;Rak Besi Stok;Cair;NULL;NULL
62;Metil salisilat;3000.00;Rak Besi Stok;Cair;NULL;NULL
63;N-Heksan;2500.00;-;Cair;NULL;09/08/2024 18:24
64;NaCl fis;1000.00;Rak Besi Stok;Cair;NULL;NULL
65;Ol. Anisi;1000.00;Rak Besi Stok;Cair;NULL;09/08/2024 10:04
66;Ol. Arachidisi;1000.00;Rak Besi Stok;Cair;NULL;NULL
67;Ol. Cesami;300.00;Rak Besi Stok;Cair;NULL;09/08/2024 17:59
68;Ol. Cinnamomi;2700.00;Rak Besi Stok;Cair;NULL;09/08/2024 18:00
69;Ol. Citrus;1000.00;Rak Besi Stok;Cair;NULL;NULL
70;Ol. Coconut;3500.00;Rak Besi Stok;Cair;NULL;NULL
71;Ol. Cocos;300.00;Rak Besi Stok;Cair;NULL;09/08/2024 18:00
72;Ol. Iecoris Aseli;5200.00;Rak Besi Stok;Cair;NULL;09/08/2024 18:01
73;Ol. Menthae;4200.00;Rak Besi Stok;Cair;NULL;09/08/2024 18:01
74;Ol. Olivarum;2000.00;Rak Besi Stok;Cair;NULL;NULL
75;Ol. Olive;500.00;Rak Besi Stok;Cair;NULL;09/08/2024 18:02
76;Ol. Ricini;200.00;Rak Besi Stok;Cair;NULL;09/08/2024 18:02
77;Ol. Rosemary;500.00;Rak Besi Stok;Cair;NULL;NULL
78;Parafin liquid;1500.00;Rak Besi + Rak Besi Stok;Cair;NULL;09/08/2024 18:03
79;PEG 1000;4000.00;Rak Besi + Rak Besi Stok;Cair;NULL;NULL
80;PEG 400;2000.00;Rak Besi + Rak Besi Stok;Cair;NULL;09/08/2024 18:03
81;PEG 600;1000.00;Rak Besi + Rak Besi Stok;Cair;NULL;NULL
82;Potasium alum;0.00;-;Cair;NULL;NULL
83;PPC;0.00;-;Cair;NULL;NULL
84;Propilen glikol;12000.00;Rak Besi + Rak Besi Stok;Cair;NULL;09/08/2024 18:04
85;Rees ecker;100.00;-;Cair;NULL;09/08/2024 18:09
86;SASA;1000.00;Rak Besi Stok;Cair;NULL;NULL
87;Sirup simplex;0.00;-;Cair;NULL;NULL
88;Sorbitol;3200.00;Rak Besi Stok;Cair;NULL;09/08/2024 18:04
89;Sorbitol 70%;0.00;-;Cair;NULL;NULL
90;Span 20;0.00;-;Cair;NULL;NULL
91;Span 80;12500.00;Rak Besi + Rak Besi Stok;Cair;NULL;09/08/2024 18:05
92;Spiritus;13000.00;Rak Besi Stok;Cair;NULL;09/08/2024 18:05
93;Tapol;200.00;Rak Besi Stok;Cair;NULL;09/08/2024 18:06
94;TCA 10%;0.00;-;Cair;NULL;NULL
95;TEA;9100.00;Rak Besi + Rak Besi Stok;Cair;NULL;09/08/2024 18:06
96;Turk;100.00;Rak Besi + Rak Besi Stok;Cair;NULL;09/08/2024 18:12
97;Tween 60;2000.00;-;Cair;NULL;09/08/2024 18:07
98;Tween 80;6300.00;Rak Besi + Rak Besi Stok;Cair;NULL;09/08/2024 18:07
99;Wagner;50.00;Rak Besi + Rak Besi Stok;Cair;NULL;09/08/2024 18:11
100;1-Naftol;25.00;-;Padat;NULL;09/08/2024 18:13
101;Acetanilide;500.00;-;Padat;NULL;09/08/2024 09:17
102;Adeps lanae;3000.00;Rak Besi;Padat;NULL;09/08/2024 09:06
103;Aerosil;1500.00;-;Padat;NULL;09/08/2024 09:07
104;AgNO3;250.00;Rak Besi;Padat;NULL;07/08/2024 11:28
105;Aluminium Potasium;500.00;Rak Besi;Padat;NULL;NULL
106;Aluminium Powder;0.00;-;Padat;NULL;NULL
107;Ambroxol;2000.00;-;Padat;NULL;10/08/2024 14:47
108;Amilum Manihot;740.00;Rak Besi + Rak Stok (Kayu Putih);Padat;NULL;09/08/2024 09:11
109;Amilum Oryzae;600.00;-;Padat;NULL;09/08/2024 09:12
110;Aminofilin;1500.00;-;Padat;NULL;09/08/2024 09:12
111;Amoksilin serbuk;900.00;Rak Besi;Padat;NULL;07/08/2024 11:30
112;Amonium asetat;300.00;Rak Besi;Padat;NULL;07/08/2024 11:31
113;Amonium klorida;2600.00;Rak Besi;Padat;NULL;09/08/2024 09:14
114;Amonium sulfat;600.00;Rak Besi Stok;Padat;NULL;07/08/2024 11:32
115;Amprotab;500.00;-;Padat;NULL;08/08/2024 10:19
116;Antalgin;200.00;Rak Besi;Padat;NULL;07/08/2024 11:32
117;Asam askorbat;400.00;Rak Besi;Padat;NULL;07/08/2024 11:33
118;Asam benzoat;500.00;-;Padat;NULL;08/08/2024 10:19
119;Asam borat;1700.00;-;Padat;NULL;09/08/2024 09:14
120;Asam kromat;0.00;-;Padat;NULL;NULL
121;Asam Mefenamat;1400.00;Rak Besi;Padat;NULL;09/08/2024 09:15
122;Asam Oksalat;2000.00;-;Padat;NULL;09/08/2024 09:15
123;Asam pikrat;0.00;-;Padat;NULL;NULL
124;Asam salisilat;6450.00;-;Padat;NULL;09/08/2024 09:16
125;Asam sitrat;5100.00;-;Padat;NULL;09/08/2024 09:16
126;Asam stearat;2050.00;-;Padat;NULL;09/08/2024 09:16
127;Asetosal;2100.00;-;Padat;NULL;09/08/2024 09:17
128;Aspirin;2300.00;-;Padat;NULL;09/08/2024 09:18
129;Avicel 101;1000.00;Rak Besi;Padat;NULL;NULL
130;Avicel 102;1500.00;Rak Besi;Padat;NULL;NULL
131;Avicel ph 102;500.00;Rak Besi;Padat;NULL;07/08/2024 11:38
132;B12;300.00;Rak Besi;Padat;NULL;08/08/2024 10:21
133;Barium cloride 2-hydrate;1250.00;Rak Besi;Padat;NULL;09/08/2024 09:19
134;Benedict;500.00;Rak Besi Stok;Padat;NULL;NULL
135;C8H8N6O6;0.00;-;Padat;NULL;NULL
136;Caffein;1250.00;Rak Besi;Padat;NULL;08/08/2024 10:21
137;Calamin;500.00;Rak Besi;Padat;NULL;NULL
138;Calsium Carbonate;1500.00;-;Padat;NULL;09/08/2024 09:21
139;Calsium cloride dyhidrate;2200.00;Rak Besi;Padat;NULL;09/08/2024 09:21
140;Carbokyl Metyl Cellulosa;0.00;-;Padat;NULL;NULL
141;Carbopol;4000.00;Rak Besi + Rak Stok (Kayu Putih);Padat;NULL;NULL
142;Cera alba;3500.00;-;Padat;NULL;09/08/2024 09:21
143;Cera Flava;4600.00;-;Padat;NULL;09/08/2024 09:22
144;Cetil Alkohol;3500.00;-;Padat;NULL;09/08/2024 09:22
145;Champora;3500.00;Rak Besi + Rak Stok (Kayu Putih);Padat;NULL;09/08/2024 09:23
146;Chloramphenicol;1500.00;-;Padat;NULL;08/08/2024 10:23
147;CMC Na;2500.00;-;Padat;NULL;08/08/2024 10:23
148;Copper (II) asetat;0.00;-;Padat;NULL;NULL
149;Copper (III) Acetate M.;0.00;-;Padat;NULL;NULL
150;CuSO4;1000.00;Rak Besi Stok;Padat;NULL;NULL
151;Dextrosa;0.00;-;Padat;NULL;NULL
152;D-Glucose anhydrous;1250.00;-;Padat;NULL;09/08/2024 09:24
153;Dinatrium EDTA;500.00;Rak Besi;Padat;NULL;07/08/2024 11:42
154;di-Potassium hydrogen;0.00;-;Padat;NULL;NULL
155;di-Potassium hydrogen phosphat;0.00;-;Padat;NULL;NULL
156;FeCl3;2400.00;Rak Besi + Rak Stok (Kayu Putih);Padat;NULL;09/08/2024 09:25
157;FeNO3;90.00;Rak Besi;Padat;NULL;NULL
158;Ferrous Sulphate;500.00;Rak Besi;Padat;NULL;NULL
159;FeSO4;0.00;-;Padat;NULL;NULL
160;Gelatin;2600.00;-;Padat;NULL;09/08/2024 09:26
161;Gliserin Guaia;500.00;Rak Besi;Padat;NULL;NULL
162;Glukosa;2300.00;-;Padat;NULL;09/08/2024 09:42
163;GOM;5500.00;Rak Besi;Padat;NULL;09/08/2024 09:43
164;Hancol;0.00;-;Padat;NULL;NULL
165;HPMC;2000.00;-;Padat;NULL;09/08/2024 09:45
166;Hydrocortisone;800.00;Rak Besi;Padat;NULL;NULL
167;Ibuprofen;3500.00;-;Padat;NULL;09/08/2024 09:46
168;Iodium;700.00;Rak Besi;Padat;NULL;07/08/2024 11:45
169;Iron (III) Amonium Sulfate;500.00;Rak Besi;Padat;NULL;09/08/2024 09:46
170;K2CrO4;200.00;-;Padat;NULL;08/08/2024 10:25
171;Kalium Bromat;100.00;Rak Besi;Padat;NULL;NULL
172;Kalium dikromat;0.00;-;Padat;NULL;NULL
173;Kalium permanganat;250.00;Rak Besi;Padat;NULL;07/08/2024 11:46
174;Karagenin;1500.00;Rak Besi;Padat;NULL;09/08/2024 09:47
175;Karbon aktif;2100.00;Rak Besi;Padat;NULL;09/08/2024 09:47
176;Karmin;1000.00;Rak Besi;Padat;NULL;NULL
177;KCl;850.00;-;Padat;NULL;09/08/2024 09:49
178;KH2PO4;500.00;-;Padat;NULL;08/08/2024 10:26
179;KMnO4;550.00;-;Padat;NULL;09/08/2024 09:50
180;KOH;500.00;-;Padat;NULL;09/08/2024 09:51
181;Laktosa;600.00;Rak Besi + Rak Stok (Kayu Putih);Padat;NULL;07/08/2024 11:48
182;Lanolin;4000.00;-;Padat;NULL;09/08/2024 09:53
183;Lead (II) Acetat Trihydrate;250.00;Rak Besi;Padat;NULL;NULL
184;Lead (II) Nitrat;50.00;Rak Besi;Padat;NULL;NULL
185;Logam Al;0.00;-;Padat;NULL;NULL
186;Magnesium;300.00;Rak Besi;Padat;NULL;NULL
187;Magnesium ribbon;0.00;-;Padat;NULL;NULL
188;Magnesium serbuk;0.00;-;Padat;NULL;NULL
189;Magnesium stearat;5000.00;Rak Besi + Rak Stok (Kayu Putih);Padat;NULL;09/08/2024 09:54
190;Magnesium sulfat;100.00;-;Padat;NULL;09/08/2024 09:57
191;Magnesium sulfat heptahidrat;0.00;-;Padat;NULL;NULL
192;Menthol;1500.00;-;Padat;NULL;08/08/2024 10:26
193;Mercury (II) Chloride;0.00;-;Padat;NULL;NULL
194;Mercury (II) Nitrat;50.00;-;Padat;NULL;09/08/2024 09:58
195;Methyl red;100.00;-;Padat;NULL;08/08/2024 10:27
196;Metyl morfin;0.00;-;Padat;NULL;NULL
197;Metyl paraben;3000.00;Rak Besi + Rak Stok (Kayu Putih);Padat;NULL;09/08/2024 09:59
198;Na Carbonate;0.00;-;Padat;NULL;NULL
199;Na CMC;800.00;Rak Besi + Rak Stok (Kayu Putih);Padat;NULL;07/08/2024 11:50
200;Na EDTA;1500.00;-;Padat;NULL;09/08/2024 10:00
201;Na2S2O2;1000.00;Rak Besi;Padat;NULL;NULL
202;NaCl;2800.00;-;Padat;NULL;09/08/2024 10:01
203;NaOH;5000.00;-;Padat;NULL;09/08/2024 10:02
204;NaOH 98%;0.00;-;Padat;NULL;09/08/2024 10:03
205;Natrium tiosulfat;1500.00;Rak Besi + Rak Stok (Kayu Putih);Padat;NULL;08/08/2024 10:29
206;Natrium asetat;750.00;-;Padat;NULL;09/08/2024 10:04
207;Natrium Benzoat;1000.00;Rak Besi + Rak Stok (Kayu Putih);Padat;NULL;10/08/2024 08:12
208;Natrium bikarbonat;1950.00;-;Padat;NULL;10/08/2024 08:13
209;Natrium karbonat;1000.00;-;Padat;NULL;08/08/2024 10:31
210;Natrium lauril sulfat;1500.00;-;Padat;NULL;10/08/2024 10:25
211;Natrium nitrat;1300.00;-;Padat;NULL;08/08/2024 10:32
212;Natrium nitrit;500.00;Rak Besi;Padat;NULL;NULL
213;Natrium oksalat;1000.00;Rak Besi;Padat;NULL;07/08/2024 11:53
214;Natrium sub carbonate;500.00;Rak Besi;Padat;NULL;NULL
215;Natrium sulfat;0.00;-;Padat;NULL;NULL
216;Nipagin;4600.00;-;Padat;NULL;10/08/2024 08:14
217;Nipasol;2000.00;-;Padat;NULL;10/08/2024 08:15
218;Norit;1200.00;Rak Besi;Padat;NULL;08/08/2024 10:33
219;Ortho phosphoric acid 99%;300.00;Rak Besi;Padat;NULL;NULL
220;p-Anisidine;100.00;-;Padat;NULL;08/08/2024 10:33
221;Parafin solid;3000.00;-;Padat;NULL;10/08/2024 08:16
222;PCT;1000.00;-;Padat;NULL;10/08/2024 08:17
223;PEG;3000.00;Rak Besi + Rak Stok (Kayu Putih);Padat;NULL;NULL
224;PGA;2500.00;Rak Besi;Padat;NULL;10/08/2024 08:18
225;PGS;1000.00;Rak Besi;Padat;NULL;NULL
226;Phenolphthalein (Indikator PP);100.00;-;Padat;NULL;08/08/2024 10:35
227;Phloroglucinol;110.00;Rak Besi;Padat;NULL;08/08/2024 10:36
228;Piridoksin;770.00;Rak Besi;Padat;NULL;NULL
229;Potassium acetate;0.00;-;Padat;NULL;08/08/2024 10:37
230;Potassium bichromate;0.00;-;Padat;NULL;NULL
231;Potassium bromate;0.00;-;Padat;NULL;NULL
232;Potassium Dicromate;100.00;Rak Besi;Padat;NULL;08/08/2024 10:38
233;Potassium dyhidrogen phosphate;2000.00;Rak Besi;Padat;NULL;09/08/2024 17:49
234;Potassium iodida;300.00;Rak Besi;Padat;NULL;09/08/2024 17:50
235;Povidon;0.00;-;Padat;NULL;NULL
236;Prokain HCl;2000.00;Rak Besi;Padat;NULL;NULL
237;PVP;500.00;-;Padat;NULL;09/08/2024 17:51
238;Resorcinol;100.00;Rak Besi;Padat;NULL;NULL
239;Saccharum Lactis;2000.00;Rak Besi;Padat;NULL;09/08/2024 10:17
240;Sakarin;500.00;Rak Besi;Padat;NULL;09/08/2024 10:17
241;Silica gel;1100.00;Rak Besi + Rak Stok (Kayu Putih);Padat;NULL;09/08/2024 10:16
242;SLS Powder;0.00;-;Padat;NULL;NULL
243;Sodium acetate anhydrous;1000.00;Rak Besi;Padat;NULL;09/08/2024 10:16
244;Sodium carbonate;450.00;Rak Besi;Padat;NULL;NULL
245;Sodium nitrite p.a smart lab;500.00;Rak Besi;Padat;NULL;NULL
246;Sodium nitroprusside dihydrate;500.00;-;Padat;NULL;09/08/2024 18:23
247;Sukrosa;2250.00;Rak Besi + Rak Stok (Kayu Putih);Padat;NULL;NULL
248;Sulfur praeciptatum;2500.00;Rak Besi + Rak Stok (Kayu Putih);Padat;NULL;09/08/2024 10:15
249;Talk;4300.00;Rak Besi;Padat;NULL;09/08/2024 10:15
250;Teophylin;100.00;Rak Besi;Padat;NULL;NULL
251;Tetra;0.00;-;Padat;NULL;NULL
252;Tetrakain HCl;1000.00;Rak Besi;Padat;NULL;NULL
253;Tetrasiklin;1000.00;Rak Besi;Padat;NULL;09/08/2024 10:14
254;Tragakan;2100.00;Rak Besi;Padat;NULL;09/08/2024 10:13
255;Urea;500.00;-;Padat;NULL;09/08/2024 10:12
256;Vanilin;1000.00;Rak Besi;Padat;NULL;NULL
257;Vaselin;0.00;-;Padat;NULL;NULL
258;Vaselin (petrolatum) white;0.00;-;Padat;NULL;NULL
259;Vaselin album;12000.00;-;Padat;NULL;10/08/2024 08:19
260;Vaselin flavum;12500.00;-;Padat;NULL;10/08/2024 08:20
261;Vit. B6;0.00;-;Padat;NULL;NULL
262;Vit. C uncoated;500.00;-;Padat;NULL;09/08/2024 10:09
263;Zinc;500.00;Rak Besi;Padat;NULL;09/08/2024 10:09
264;Zinc logam;0.00;-;Padat;NULL;NULL
265;Zinc okide;200.00;Rak Besi;Padat;NULL;09/08/2024 10:10
266;Zinc sulfat;500.00;-;Padat;NULL;09/08/2024 10:11
267;ZnO;4500.00;Rak Besi;Padat;NULL;10/08/2024 12:56
268;ZnSO4;200.00;Rak Besi;Padat;NULL;10/08/2024 08:24
269;Amylum Tritici;500.00;Rak Besi;Padat;NULL;NULL
270;Amylum ;1500.00;Rak Besi;Padat;NULL;NULL
271;Ammonium Perusulphate;1000.00;Rak Besi;Padat;NULL;NULL
272;Amylum Solami;500.00;Rak Besi;Padat;NULL;NULL
273;Albumin;650.00;-;Padat;NULL;10/08/2024 13:11
274;Ammonium Molybolate;100.00;Rak Besi;Padat;NULL;NULL
275;Asam Tatrat;1000.00;Rak Besi;Padat;NULL;NULL
276;Bentonit Magma;1000.00;Rak Besi;Padat;NULL;NULL
277;BHT;2500.00;Rak Besi + Rak Stok (Kayu Putih);Padat;NULL;NULL
278;Benziden;1000.00;Rak Besi;Padat;NULL;NULL
279;Carmin;1000.00;Rak Besi;Padat;NULL;NULL
280;Cetostearyl ;1000.00;Rak Stok (Kayu Putih);Padat;NULL;NULL
281;Iron (II) Chloride;250.00;Rak Besi;Padat;NULL;NULL
282;Mangan Sulfat (MnSO4);1000.00;Rak Besi;Padat;NULL;NULL
283;Mercury (II) Sulfate;50.00;Rak Besi;Padat;NULL;NULL
284;Pottasium Cromate;1000.00;Rak Besi;Padat;NULL;NULL
285;Propylene Paraben;1000.00;Rak Besi;Padat;NULL;NULL
286;Sodium Oxalate (Na2C2O4);2000.00;-;Padat;NULL;10/08/2024 10:31
287;C6H6O2 Hidrokuinon;50.00;Rak Besi;Padat;NULL;NULL
288;D-Glucose Monohydrate;1000.00;Rak Besi;Padat;NULL;NULL
289;Maltosa;1000.00;Rak Besi;Padat;NULL;NULL
290;Asam Silicat;1000.00;Rak Besi;Padat;NULL;NULL
291;Lactose Broth;500.00;Rak Besi Stok;Padat;NULL;NULL
292;EMB Agar;500.00;Rak Besi Stok;Padat;NULL;NULL
293;BGLB;500.00;Rak Besi Stok;Padat;NULL;NULL
294;Muller Hinton Agar;500.00;Rak Besi Stok;Padat;NULL;NULL
295;Simon Citrate Agar;500.00;Rak Besi Stok;Padat;NULL;NULL
296;Trypthone Soya Broth;500.00;Rak Besi Stok;Padat;NULL;NULL
297;Nutrient Agar;500.00;Rak Besi Stok;Padat;NULL;NULL
298;Metyl Morfin;500.00;Rak Besi;Padat;NULL;NULL
299;Oleum Cacao;500.00;Rak Besi;Padat;NULL;10/08/2024 10:33
300;P Amadup;40.00;Rak Besi;Padat;NULL;NULL
301;Gum Arabicum;1000.00;Rak Besi;Padat;NULL;NULL
326;2-propanol pro analisis;250.00;Rak Besi + Rak Besi Stok;Cair;22/04/2024 14:55;22/04/2024 14:55
327;amonium molibdat pro analisis;100.00;Rak Stok (Kayu Putih);Padat;22/04/2024 14:57;22/04/2024 14:57
328;Anilin;100.00;Rak Besi + Rak Besi Stok;Cair;22/04/2024 14:58;22/04/2024 14:58
329;asam nitrit;500.00;Rak Besi + Rak Besi Stok;Cair;22/04/2024 15:31;22/04/2024 15:31
330;asetaldehid pro analisis;500.00;Rak Besi + Rak Besi Stok;Cair;22/04/2024 15:32;22/04/2024 15:32
331;buffer salmiak;100.00;Rak Besi + Rak Besi Stok;Cair;22/04/2024 15:37;22/04/2024 15:37
332;Calsium Lactat;1000.00;Rak Stok (Kayu Putih);Padat;22/04/2024 15:53;22/04/2024 15:53
333;DPPH (himedia);1.00;Rak Stok (Kayu Putih);Padat;22/04/2024 16:26;22/04/2024 16:26
334;Masker Medis;7.00;Rak Stok (Kayu Putih);Padat;22/04/2024 17:14;22/04/2024 17:16
335;handscon;7.00;Rak Stok (Kayu Putih);Padat;22/04/2024 17:15;22/04/2024 17:17
659;Corong Paling Kecil (10 mm);20.00;Lemari Depo I ;Alat;23/04/2024 08:16;07/08/2024 13:35
660;Corong Kecil (25 mm);35.00;Lemari Depo I ;Alat;23/04/2024 08:16;23/04/2024 08:16
661;Corong Sedang (75 mm);30.00;Lemari Depo I ;Alat;23/04/2024 08:16;23/04/2024 08:16
662;Corong Besar ( 100 mm );15.00;Lemari Depo I ;Alat;23/04/2024 08:16;23/04/2024 08:16
663;Gelas Ukur 10 ML;50.00;Lemari Depo I ;Alat;23/04/2024 08:16;23/04/2024 08:16
664;Gelas Ukur 100 ML;30.00;Lemari Depo I ;Alat;23/04/2024 08:16;23/04/2024 08:16
665;Gelas Ukur 1000 ML;30.00;Lemari Depo I ;Alat;23/04/2024 08:16;23/04/2024 08:16
666;Gelas Ukur 25 ML;20.00;Lemari Depo I ;Alat;23/04/2024 08:16;23/04/2024 08:16
667;Gelas Ukur 250 ML;20.00;Lemari Depo I ;Alat;23/04/2024 08:16;23/04/2024 08:16
668;Gelas Ukur 5 ML;0.00;Lemari Depo I ;Alat;23/04/2024 08:16;23/04/2024 08:16
669;Gelas Ukur 50 ML;20.00;Lemari Depo I ;Alat;23/04/2024 08:16;23/04/2024 08:16
670;Gelas Ukur 500 ML;10.00;Lemari Depo I ;Alat;23/04/2024 08:16;23/04/2024 08:16
671;Labu Ukur 10 ML;50.00;Lemari Depo I ;Alat;23/04/2024 08:16;23/04/2024 08:16
672;Labu Ukur 100 ML;50.00;Lemari Depo I ;Alat;23/04/2024 08:16;23/04/2024 08:16
673;Labu Ukur 1000 ML;20.00;Lemari Depo I ;Alat;23/04/2024 08:16;23/04/2024 08:16
674;Labu Ukur 25 ML;30.00;Lemari Depo I ;Alat;23/04/2024 08:16;23/04/2024 08:16
675;Labu Ukur 250 ML;10.00;Lemari Depo I ;Alat;23/04/2024 08:16;23/04/2024 08:16
676;Labu Ukur 50 ML;20.00;Lemari Depo I ;Alat;23/04/2024 08:16;23/04/2024 08:16
677;Labu Ukur 500 ML;10.00;Lemari Depo I ;Alat;23/04/2024 08:16;23/04/2024 08:16
678;Piknometer 10 ML;10.00;Lemari Depo I ;Alat;23/04/2024 08:16;23/04/2024 08:16
679;Piknometer 25 ML;20.00;Lemari Depo I ;Alat;23/04/2024 08:16;23/04/2024 08:16
680;Pipa T;7.00;Lemari Depo I ;Alat;23/04/2024 08:16;23/04/2024 08:16
681;Pipa;6.00;Lemari Depo I ;Alat;23/04/2024 08:16;23/04/2024 08:16
682;Labu Alas Bulat 100 ML;5.00;Lemari Depo I ;Alat;23/04/2024 08:16;23/04/2024 08:16
683;Labu Alas Bulat 1000 ML;5.00;Lemari Depo I ;Alat;23/04/2024 08:16;23/04/2024 08:16
684;Labu Alas Bulat 500 ML;10.00;Lemari Depo I ;Alat;23/04/2024 08:16;23/04/2024 08:16
685;Botol infus 250 ML;10.00;Lemari Depo II;Alat;23/04/2024 08:16;23/04/2024 08:16
686;Botol infus 100 ML;100.00;Lemari Depo II;Alat;23/04/2024 08:16;23/04/2024 08:16
687;Chamber Besar ;2.00;Lemari Depo II;Alat;23/04/2024 08:16;23/04/2024 08:16
688;Chamber Kecil;8.00;Lemari Depo II;Alat;23/04/2024 08:16;23/04/2024 08:16
689;Cover Glass;300.00;Lemari Depo II;Alat;23/04/2024 08:16;23/04/2024 08:16
690;Erlenmayer 100 ML;30.00;Lemari Depo II;Alat;23/04/2024 08:16;23/04/2024 08:16
691;Erlenmayer 1000 ML;15.00;Lemari Depo II;Alat;23/04/2024 08:16;23/04/2024 08:16
692;Erlenmayer 1000 ML (Corong Pemisah);6.00;Lemari Depo II;Alat;23/04/2024 08:16;23/04/2024 08:16
693;Erlenmayer 250 ML;20.00;Lemari Depo II;Alat;23/04/2024 08:16;23/04/2024 08:16
694;Erlenmayer 250 ML (Corong Pemisah);6.00;Lemari Depo II;Alat;23/04/2024 08:16;23/04/2024 08:16
695;Erlenmayer 50 ML;10.00;Lemari Depo II;Alat;23/04/2024 08:16;23/04/2024 08:16
696;Erlenmayer 500 ML;10.00;Lemari Depo II;Alat;23/04/2024 08:16;23/04/2024 08:16
697;Gelas Beaker 100 ML;50.00;Lemari Depo II;Alat;23/04/2024 08:16;23/04/2024 08:16
698;Gelas Beaker 1000 ML;20.00;Lemari Depo II;Alat;23/04/2024 08:16;23/04/2024 08:16
699;Gelas Beaker 200 ML;6.00;Lemari Depo II;Alat;23/04/2024 08:16;23/04/2024 08:16
700;Gelas Beaker 250 ML;37.00;Lemari Depo II;Alat;23/04/2024 08:16;23/04/2024 08:16
701;Gelas Beaker 50 ML;39.00;Lemari Depo II;Alat;23/04/2024 08:16;23/04/2024 08:16
702;Gelas Beaker 500 ML;33.00;Lemari Depo II;Alat;23/04/2024 08:16;23/04/2024 08:16
703;Kaca Arloji Besar;12.00;Lemari Depo II;Alat;23/04/2024 08:16;23/04/2024 08:16
704;Kaca Arloji Kecil;17.00;Lemari Depo II;Alat;23/04/2024 08:16;23/04/2024 08:16
705;Kaca Arloji Sedang;27.00;Lemari Depo II;Alat;23/04/2024 08:16;23/04/2024 08:16
706;Lampu Spritus;26.00;Lemari Depo II;Alat;23/04/2024 08:16;23/04/2024 08:16
707;Objek Glass;450.00;Lemari Depo II;Alat;23/04/2024 08:16;23/04/2024 08:16
708;Prasitologi (Sample Objek Glass);1.00;Lemari Depo II;Alat;23/04/2024 08:16;23/04/2024 08:16
709;Tabung Darah;152.00;Lemari Depo II;Alat;23/04/2024 08:16;23/04/2024 08:16
710;Tabung Durham ;156.00;Lemari Depo II;Alat;23/04/2024 08:16;23/04/2024 08:16
711;Tabung Haematokrit;6.00;Lemari Depo II;Alat;23/04/2024 08:16;23/04/2024 08:16
712;Tabung Reaksi (Paling Besar);80.00;Lemari Depo II;Alat;23/04/2024 08:16;23/04/2024 08:16
713;Tabung Reaksi (Sedang) 50 ml;59.00;Lemari Depo II;Alat;23/04/2024 08:16;23/04/2024 08:16
714;Tabung Reaksi Panjang 100 ml;252.00;Lemari Depo II;Alat;23/04/2024 08:16;23/04/2024 08:16
715;Tabung Reaksi Pendek;31.00;Lemari Depo II;Alat;23/04/2024 08:16;23/04/2024 08:16
716;Tabung Urin;26.00;Lemari Depo II;Alat;23/04/2024 08:16;23/04/2024 08:16
717;Buret 25 ML;10.00;Lemari Depo III;Alat;23/04/2024 08:16;23/04/2024 08:16
718;Buret 50 ML;15.00;Lemari Depo III;Alat;23/04/2024 08:16;23/04/2024 08:16
719;Corong Pisah 100 ML;5.00;Lemari Depo III;Alat;23/04/2024 08:16;23/04/2024 08:16
720;Corong Pisah 125 ML;5.00;Lemari Depo III;Alat;23/04/2024 08:16;23/04/2024 08:16
721;Corong Pisah 250 ML;10.00;Lemari Depo III;Alat;23/04/2024 08:16;23/04/2024 08:16
722;Destilator;7.00;Lemari Depo III;Alat;23/04/2024 08:16;23/04/2024 08:16
723;Pendingin Lebigh;6.00;Lemari Depo III;Alat;23/04/2024 08:16;23/04/2024 08:16
724;Petri Disk Besar;20.00;Lemari Depo III;Alat;23/04/2024 08:16;23/04/2024 08:16
725;Petri Disk Sedang;100.00;Lemari Depo III;Alat;23/04/2024 08:16;23/04/2024 08:16
726;Pipet Ukur 1 ML;10.00;Lemari Depo III;Alat;23/04/2024 08:16;23/04/2024 08:16
727;Pipet Ukur 10 ML;26.00;Lemari Depo III;Alat;23/04/2024 08:16;23/04/2024 08:16
728;Pipet Ukur 2 ML;17.00;Lemari Depo III;Alat;23/04/2024 08:16;23/04/2024 08:16
729;Pipet Ukur 5 ML;13.00;Lemari Depo III;Alat;23/04/2024 08:16;23/04/2024 08:16
730;Pipet Volume 1 ML;20.00;Lemari Depo III;Alat;23/04/2024 08:16;23/04/2024 08:16
731;Pipet Volume 10 ML;20.00;Lemari Depo III;Alat;23/04/2024 08:16;23/04/2024 08:16
732;Pipet Volume 2 ML;20.00;Lemari Depo III;Alat;23/04/2024 08:16;23/04/2024 08:16
733;Pipet Volume 25 ML;20.00;Lemari Depo III;Alat;23/04/2024 08:16;23/04/2024 08:16
734;Pipet Volume 5 ML;20.00;Lemari Depo III;Alat;23/04/2024 08:16;23/04/2024 08:16
735;Pipet Westegreen;10.00;Lemari Depo III;Alat;23/04/2024 08:16;23/04/2024 08:16
736;Tabung Kondensor;5.00;Lemari Depo III;Alat;23/04/2024 08:16;23/04/2024 08:16
737;Viscometer Oswald;4.00;Lemari Depo III;Alat;23/04/2024 08:16;23/04/2024 08:16
738;Asbes;34.00;Lemari Depo VI;Alat;23/04/2024 08:16;23/04/2024 08:16
739;Asprator + Selang;4.00;Lemari Depo VI;Alat;23/04/2024 08:16;23/04/2024 08:16
740;Autopen;2.00;Lemari Depo VI;Alat;23/04/2024 08:16;23/04/2024 08:16
741;Ayakan No.50;2.00;Lemari Depo VI;Alat;23/04/2024 08:16;23/04/2024 08:16
742;Ball Pipet;20.00;Lemari Depo VI;Alat;23/04/2024 08:16;23/04/2024 08:16
743;Batang Pengaduk;39.00;Lemari Depo VI;Alat;23/04/2024 08:16;23/04/2024 08:16
744;Blue Tip;250.00;Lemari Depo VI;Alat;23/04/2024 08:16;23/04/2024 08:16
745;Botol Semprot ( Besar );25.00;Lemari Depo VI;Alat;23/04/2024 08:16;23/04/2024 08:16
746;Botol Semprot (Kecil);25.00;Lemari Depo VI;Alat;23/04/2024 08:16;23/04/2024 08:16
747;Cawan 100 ML;30.00;Lemari Depo VI;Alat;23/04/2024 08:16;23/04/2024 08:16
748;Cawan 250 ML;30.00;Lemari Depo VI;Alat;23/04/2024 08:16;23/04/2024 08:16
749;Cawan 75 ML;10.00;Lemari Depo VI;Alat;23/04/2024 08:16;23/04/2024 08:16
750;Corong Porselin;5.00;Lemari Depo VI;Alat;23/04/2024 08:16;23/04/2024 08:16
751;Eppendorf (1,5 ml);1500.00;Lemari Depo VI;Alat;23/04/2024 08:16;23/04/2024 08:16
752;Flat Porselin (Tetes);17.00;Lemari Depo VI;Alat;23/04/2024 08:16;23/04/2024 08:16
753;Haemometer;11.00;Lemari Depo VI;Alat;23/04/2024 08:16;23/04/2024 08:16
754;Hemocytometer;11.00;Lemari Depo VI;Alat;23/04/2024 08:16;23/04/2024 08:16
755;Hydrometer;2.00;Lemari Depo VI;Alat;23/04/2024 08:16;23/04/2024 08:16
756;Jangka Sorong Digital;3.00;Lemari Depo VI;Alat;23/04/2024 08:16;23/04/2024 08:16
757;Jangka Sorong Manual;4.00;Lemari Depo VI;Alat;23/04/2024 08:16;23/04/2024 08:16
758;Jarum Hypodermic Needles;1.00;Lemari Depo VI;Alat;23/04/2024 08:16;23/04/2024 08:16
759;Jarum Suntik;0.00;Lemari Depo VI;Alat;23/04/2024 08:16;23/04/2024 08:16
760;Kaca Pembesar;8.00;Lemari Depo VI;Alat;23/04/2024 08:16;23/04/2024 08:16
761;Kain kasa steril;11.00;Lemari Depo VI;Alat;23/04/2024 08:16;23/04/2024 08:16
762;Kaki Tiga ;14.00;Lemari Depo VI;Alat;23/04/2024 08:16;23/04/2024 08:16
763;Kertas Perkamen;11.00;Lemari Depo VI;Alat;23/04/2024 08:16;23/04/2024 08:16
764;Kertas saring;1.00;Lemari Depo VI;Alat;23/04/2024 08:16;23/04/2024 08:16
765;Krus Tang;4.00;Lemari Depo VI;Alat;23/04/2024 08:16;23/04/2024 08:16
766;Lancet;400.00;Lemari Depo VI;Alat;23/04/2024 08:16;23/04/2024 08:16
767;Master Refractometer;1.00;Lemari Depo VI;Alat;23/04/2024 08:16;23/04/2024 08:16
768;Micrometer Manual;3.00;Lemari Depo VI;Alat;23/04/2024 08:16;23/04/2024 08:16
769;Mikropipet 0.5 - 10 UL;5.00;Lemari Depo VI;Alat;23/04/2024 08:16;23/04/2024 08:16
770;Mikropipet 1 - 10 UL;5.00;Lemari Depo VI;Alat;23/04/2024 08:16;23/04/2024 08:16
771;Mikropipet 5 - 50 UL;5.00;Lemari Depo VI;Alat;23/04/2024 08:16;23/04/2024 08:16
772;Mikropipet 100-1000 UL;15.00;Lemari Depo VI;Alat;23/04/2024 08:16;23/04/2024 08:16
773;Mikropipet 10-100 UL;6.00;Lemari Depo VI;Alat;23/04/2024 08:16;23/04/2024 08:16
774;Mikropipet 1000 UL;6.00;Lemari Depo VI;Alat;23/04/2024 08:16;23/04/2024 08:16
775;Mortir besar;30.00;Lemari Depo VI;Alat;23/04/2024 08:16;23/04/2024 08:16
776;Mortir kecil;15.00;Lemari Depo VI;Alat;23/04/2024 08:16;23/04/2024 08:16
777;Ose;30.00;Lemari Depo VI;Alat;23/04/2024 08:16;23/04/2024 08:16
778;Phantom Ginjal;1.00;Lemari Depo VI;Alat;23/04/2024 08:16;23/04/2024 08:16
779;Phantom Sistem Pencernaan;1.00;Lemari Depo VI;Alat;23/04/2024 08:16;23/04/2024 08:16
780;Phantom Alat Reproduksi Perempuan;1.00;Lemari Depo VI;Alat;23/04/2024 08:16;23/04/2024 08:16
781;Phantom Alat Reproduksi Laki-laki;1.00;Lemari Depo VI;Alat;23/04/2024 08:16;23/04/2024 08:16
782;Pencetak SUPPO;6.00;Lemari Depo VI;Alat;23/04/2024 08:16;23/04/2024 08:16
783;Penjepit Besi;20.00;Lemari Depo VI;Alat;23/04/2024 08:16;23/04/2024 08:16
784;Penjepit Kayu;20.00;Lemari Depo VI;Alat;23/04/2024 08:16;23/04/2024 08:16
785;Penyangga LED;4.00;Lemari Depo VI;Alat;23/04/2024 08:16;23/04/2024 08:16
786;PH Meter;6.00;Lemari Depo VI;Alat;23/04/2024 08:16;23/04/2024 08:16
787;Pipet Tetes;144.00;Lemari Depo VI;Alat;23/04/2024 08:16;23/04/2024 08:16
788;Pipet Tetes Panjang;30.00;Lemari Depo VI;Alat;23/04/2024 08:16;23/04/2024 08:16
789;Pipet Tetes Pendek;50.00;Lemari Depo VI;Alat;23/04/2024 08:16;23/04/2024 08:16
790;Pump Pipet;15.00;Lemari Depo VI;Alat;23/04/2024 08:16;23/04/2024 08:16
791;Rak Tabung Besi (Panjang);5.00;Lemari Depo VI;Alat;23/04/2024 08:16;23/04/2024 08:16
792;Rak Tabung Besi (Pendek);6.00;Lemari Depo VI;Alat;23/04/2024 08:16;23/04/2024 08:16
793;Rak Tabung Kayu;20.00;Lemari Depo VI;Alat;23/04/2024 08:16;23/04/2024 08:16
794;Rak Tabung Plastik;19.00;Lemari Depo VI;Alat;23/04/2024 08:16;23/04/2024 08:16
795;Spatula Plastik;30.00;Lemari Depo VI;Alat;23/04/2024 08:16;23/04/2024 08:16
796;Spatula Porselin;17.00;Lemari Depo VI;Alat;23/04/2024 08:16;23/04/2024 08:16
797;Sptula Besi;25.00;Lemari Depo VI;Alat;23/04/2024 08:16;23/04/2024 08:16
798;Spuit (Jarum Suntik Sterill);200.00;Lemari Depo VI;Alat;23/04/2024 08:16;23/04/2024 08:16
799;Stamper;56.00;Lemari Depo VI;Alat;23/04/2024 08:16;23/04/2024 08:16
800;Statif;15.00;Lemari Depo VI;Alat;23/04/2024 08:16;23/04/2024 08:16
801;Stopwach;4.00;Lemari Depo VI;Alat;23/04/2024 08:16;23/04/2024 08:16
802;Tempat Urine;8.00;Lemari Depo VI;Alat;23/04/2024 08:16;23/04/2024 08:16
803;Tensi;1.00;Lemari Depo VI;Alat;23/04/2024 08:16;23/04/2024 08:16
804;Thermometer (Digital);7.00;Lemari Depo VI;Alat;23/04/2024 08:16;23/04/2024 08:16
805;Thermometer (Manual);5.00;Lemari Depo VI;Alat;23/04/2024 08:16;23/04/2024 08:16
806;Tourniquit;13.00;Lemari Depo VI;Alat;23/04/2024 08:16;23/04/2024 08:16
807;Tube Salep;9.00;Lemari Depo VI;Alat;23/04/2024 08:16;23/04/2024 08:16
808;Urinenometer;1.00;Lemari Depo VI;Alat;23/04/2024 08:16;23/04/2024 08:16
809;Vortex Mirex;2.00;Lemari Depo VI;Alat;23/04/2024 08:16;23/04/2024 08:16
810;Wadah Urine;50.00;Lemari Depo VI;Alat;23/04/2024 08:16;23/04/2024 08:16
811;Yellow Tip;100.00;Lemari Depo VI;Alat;23/04/2024 08:16;23/04/2024 08:16
812;Amilum Solani;400.00;Rak Besi;Padat;10/08/2024 09:07;10/08/2024 09:07
813;Alumunium Potassium Sulfate Dodecahydrate;500.00;Rak Besi;Padat;10/08/2024 09:08;10/08/2024 09:08
814;Butilhidroksituluena (BHT);2500.00;Rak Besi;Padat;10/08/2024 09:10;10/08/2024 09:10
815;Amilum;800.00;Rak Besi + Rak Besi Stok;Padat;10/08/2024 09:12;10/08/2024 09:12
816;Amilum Tritici;500.00;Rak Stok (Kayu Putih);Padat;10/08/2024 09:13;10/08/2024 09:13
817;Asam Tartrat;2000.00;Rak Stok (Kayu Putih);Padat;10/08/2024 09:18;10/08/2024 09:18
818;Benzidin;1000.00;Rak Stok (Kayu Putih);Padat;10/08/2024 09:19;10/08/2024 09:19
819;Bentonit Magma;1000.00;Rak Stok (Kayu Putih);Padat;10/08/2024 09:20;10/08/2024 09:20
820;Bismuth Subnitrat;1000.00;Rak Stok (Kayu Putih);Padat;10/08/2024 09:22;10/08/2024 09:22
821;Carmin;2000.00;Rak Stok (Kayu Putih);Padat;10/08/2024 09:23;10/08/2024 09:23
822;Calcii Lactat;1200.00;Rak Besi;Padat;10/08/2024 09:25;10/08/2024 09:25
823;Ceto Stearyl;1000.00;Rak Besi;Padat;10/08/2024 09:25;10/08/2024 09:25
824;Ferri Nitrat;500.00;Rak Besi + Rak Besi Stok;Padat;10/08/2024 09:26;10/08/2024 09:26
825;Efedrin HCL;1000.00;Rak Stok (Kayu Putih);Padat;10/08/2024 10:06;10/08/2024 10:06
826;Mangan Sufat (MnSO4);500.00;Rak Besi + Rak Besi Stok;Padat;10/08/2024 10:07;10/08/2024 10:07
827;Iron (II) Chloride Tetrahydrate;500.00;Rak Besi;Padat;10/08/2024 10:08;10/08/2024 10:08
828;Mangan Sulfat;250.00;Rak Besi + Rak Besi Stok;Padat;10/08/2024 10:09;10/08/2024 10:09
829;Magnesium Klorida (MgCl2);1000.00;Rak Besi + Rak Besi Stok;Padat;10/08/2024 10:14;10/08/2024 10:14
830;PEG 6000;40000.00;Rak Stok (Kayu Putih);Padat;10/08/2024 10:28;10/08/2024 10:28
831;Sodium Thiosulfat (Na2S2O3);2000.00;Rak Stok (Kayu Putih);Padat;10/08/2024 10:29;10/08/2024 10:29
832;Indocol (Pewarna Orange);500.00;Rak Besi;Padat;10/08/2024 10:32;10/08/2024 10:32
833;Propil Paraben;1500.00;Rak Besi + Rak Besi Stok;Padat;10/08/2024 10:43;10/08/2024 10:43
834;Sodium Benzoat;1000.00;Rak Stok (Kayu Putih);Padat;10/08/2024 10:52;10/08/2024 10:52
835;Sodium Sulfate;1500.00;Rak Stok (Kayu Putih);Padat;10/08/2024 10:53;10/08/2024 10:53
836;Potassium Chromate;1000.00;Rak Stok (Kayu Putih);Padat;10/08/2024 10:54;10/08/2024 10:54
837;Sodium Oxalate;500.00;Rak Stok (Kayu Putih);Padat;10/08/2024 10:55;10/08/2024 10:55
838;Potassium Thiocyanate;250.00;Rak Besi;Padat;10/08/2024 12:53;10/08/2024 12:53
839;Ammonium Molybdate;200.00;Rak Stok (Kayu Putih);Padat;10/08/2024 13:49;10/08/2024 13:49
840;di-Sodium Hydrogen Phospate;500.00;Rak Stok (Kayu Putih);Padat;10/08/2024 13:50;10/08/2024 13:50
841;Ammonium Perosulphate;1000.00;Rak Stok (Kayu Putih);Padat;10/08/2024 13:51;10/08/2024 13:51
842;Manitol;1000.00;Rak Stok (Kayu Putih);Padat;10/08/2024 14:17;10/08/2024 14:17
843;Sodium Sulfide;2000.00;Rak Stok (Kayu Putih);Padat;10/08/2024 14:18;10/08/2024 14:18
844;Natrium Molybdate;25.00;Rak Stok (Kayu Putih);Padat;10/08/2024 14:18;10/08/2024 14:18
845;Aniline Sulfate;25.00;Rak Stok (Kayu Putih);Padat;10/08/2024 14:20;10/08/2024 14:21
846;Asam Oksalat;1500.00;Rak Besi Stok;Cair;10/08/2024 14:23;10/08/2024 14:23
847;Larutan Penyangga B;1000.00;Rak Besi;Cair;10/08/2024 14:24;10/08/2024 14:24
848;Solution Ammoniae Spiritus;1000.00;Rak Besi;Cair;10/08/2024 14:25;10/08/2024 14:25
849;Etilen Glikol;500.00;Rak Besi;Cair;10/08/2024 14:25;10/08/2024 14:25
850;Aqua Rosae;3000.00;Rak Besi Stok;Cair;10/08/2024 14:26;10/08/2024 14:26
851;Karbopol;1000.00;Rak Besi;Cair;10/08/2024 14:27;10/08/2024 14:27
852;PEG 600;2000.00;Rak Besi;Cair;10/08/2024 14:28;10/08/2024 14:28
853;PCO;1000.00;Rak Besi;Cair;10/08/2024 14:28;10/08/2024 14:28
854;Oleum citrus;1000.00;Rak Besi;Cair;10/08/2024 14:33;10/08/2024 14:33
855;Iron (II) Sulfate;500.00;Rak Stok (Kayu Putih);Padat;10/08/2024 14:34;10/08/2024 14:34
856;C8H8N6O6;100.00;Lemari Kayu Berpintu;Padat;10/08/2024 14:34;10/08/2024 14:34
857;Solution Hydratis Calcii;2000.00;Rak Besi;Cair;10/08/2024 14:34;10/08/2024 14:34
858;Isopropyl Alkohol;2000.00;Rak Besi;Cair;10/08/2024 14:35;10/08/2024 14:35
859;Potato Dextrose Agar (PDA);500.00;Rak Stok (Kayu Putih);Padat;10/08/2024 14:35;10/08/2024 14:35
860;Buffer Phospat pH 8,2;1000.00;Lemari Kayu Berpintu;Cair;10/08/2024 14:36;10/08/2024 14:36
861;Metyhlen Blue;1000.00;Rak Besi Stok;Cair;10/08/2024 14:36;10/08/2024 14:36
862;NaCl 0,9% (Infus);6000.00;Rak Besi;Cair;10/08/2024 14:37;10/08/2024 14:37
863;Reagen Hayem;100.00;Rak Besi Stok;Cair;10/08/2024 14:38;10/08/2024 14:38
864;Parafin Liquid;5000.00;Rak Besi + Rak Besi Stok;Cair;10/08/2024 14:39;10/08/2024 14:39
865;Pereaksi Biuret;100.00;Rak Besi;Cair;10/08/2024 14:39;10/08/2024 14:39
866;NH4OH;1000.00;Rak Besi;Cair;10/08/2024 14:40;10/08/2024 14:40
867;Etanol P.A;3000.00;Lemari Kayu Berpintu;Cair;10/08/2024 14:40;10/08/2024 14:40
868;Xylol;1000.00;Lemari Kayu Berpintu;Cair;10/08/2024 14:41;10/08/2024 14:41
869;NH4OH;1000.00;Rak Besi;Cair;10/08/2024 14:41;10/08/2024 14:41
870;Cyclopentanone;250.00;Lemari Kayu Berpintu;Cair;10/08/2024 14:41;10/08/2024 14:41
871;CaOH2;1000.00;Rak Besi;Cair;10/08/2024 14:41;10/08/2024 14:41
872;Reagen Molisch;100.00;Rak Besi;Cair;10/08/2024 14:42;10/08/2024 14:42
873;Reagen Pandy;50.00;Rak Besi;Cair;10/08/2024 14:42;10/08/2024 14:42
874;Reagen Schlesinger;200.00;-;Cair;10/08/2024 14:42;12/08/2024 10:07
875;Reagen Millon;200.00;Rak Besi;Cair;10/08/2024 14:43;10/08/2024 14:43
876;Aquadest;50000.00;Rak Besi;Cair;10/08/2024 14:45;10/08/2024 15:03
877;Aluminium Pottasium Sulfate Dodecahydrate;500.00;Rak Besi + Rak Besi Stok;Padat;10/08/2024 14:45;10/08/2024 14:45
878;Desinfektan;20000.00;Rak Besi;Cair;10/08/2024 14:46;10/08/2024 14:46
879;Amilum;300.00;Rak Besi + Rak Besi Stok;Padat;10/08/2024 14:46;10/08/2024 14:46
880;BCB;100.00;Rak Besi;Cair;10/08/2024 14:47;10/08/2024 14:47
881;Reagen Fauchet;100.00;Rak Besi;Cair;10/08/2024 14:48;10/08/2024 14:48
882;Pyridin;30.00;Rak Besi;Cair;10/08/2024 14:48;10/08/2024 14:48
883;Butilhidroksitoluena (B.H.T);2000.00;Rak Besi + Rak Besi Stok;Padat;10/08/2024 14:48;10/08/2024 14:48
884;Frohde;25.00;Rak Besi;Cair;10/08/2024 14:49;10/08/2024 14:49
885;Calcii Lactat;200.00;Rak Besi + Rak Besi Stok;Padat;10/08/2024 14:49;10/08/2024 14:49
886;Phenol Red;200.00;Rak Besi;Cair;10/08/2024 14:50;10/08/2024 14:50
887;Ceta Stearyl;1000.00;Rak Besi + Rak Besi Stok;Padat;10/08/2024 14:51;10/08/2024 14:51
888;Feri Nitrat;500.00;Rak Besi + Rak Besi Stok;Padat;10/08/2024 14:52;10/08/2024 14:52
889;Iron (II) Chloride Tetrahydrate;500.00;Rak Besi;Padat;10/08/2024 14:52;10/08/2024 14:52
890;Mangan Sulfat;250.00;Rak Besi + Rak Besi Stok;Padat;10/08/2024 14:54;10/08/2024 14:54
891;Na2S2O3 (Sodium Thiosulfat);1000.00;Rak Besi + Rak Besi Stok;Padat;10/08/2024 14:55;10/08/2024 14:55
892;EBT;25.00;Rak Stok (Kayu Putih);Padat;10/08/2024 14:56;10/08/2024 14:56
893;Propil Paraben;1500.00;Rak Besi + Rak Besi Stok;Padat;10/08/2024 14:56;10/08/2024 14:56
894;2-Propanolol;500.00;Rak Besi + Rak Besi Stok;Cair;10/08/2024 14:56;10/08/2024 14:56
895;Formic Acid;1000.00;Rak Besi + Rak Besi Stok;Cair;10/08/2024 14:58;10/08/2024 14:58
896;Sodium Sulfat;500.00;Rak Besi + Rak Besi Stok;Padat;10/08/2024 14:58;10/08/2024 14:58
897;1.10-Phenanthroline Monohydrate;0.00;Rak Stok (Kayu Putih);Cair;10/08/2024 14:58;10/08/2024 14:58
898;Logam Zn;100.00;Rak Besi + Rak Besi Stok;Padat;10/08/2024 14:59;10/08/2024 14:59
899;Media EC Broth;500.00;Rak Besi;Padat;10/08/2024 15:00;10/08/2024 15:00
900;Reagen Bang;100.00;Rak Besi + Rak Besi Stok;Cair;10/08/2024 15:00;10/08/2024 15:00
901;Trichloroacetic;100.00;Lemari Kayu Berpintu;Padat;10/08/2024 15:01;10/08/2024 15:01
902;Phenol;250.00;Lemari Kayu Berpintu;Padat;10/08/2024 15:03;10/08/2024 15:03
903;PDA Agar;500.00;Rak Stok (Kayu Putih);Padat;12/08/2024 08:05;12/08/2024 08:05
904;EMB Agar;1000.00;-;Padat;12/08/2024 08:05;12/08/2024 08:13
905;Nutrient Agar (NA);500.00;Rak Stok (Kayu Putih);Padat;12/08/2024 08:06;12/08/2024 08:06
906;Nutrient Broth (NB) Agar;500.00;Rak Stok (Kayu Putih);Padat;12/08/2024 08:07;12/08/2024 08:07
907;Selenith Agar;500.00;Rak Stok (Kayu Putih);Padat;12/08/2024 08:07;12/08/2024 08:07
908;Simmon's Citrat Agar;1000.00;-;Padat;12/08/2024 08:08;12/08/2024 08:09
909;MHA;500.00;Rak Stok (Kayu Putih);Padat;12/08/2024 08:10;12/08/2024 08:10
910;Brillian Green Agar;500.00;Rak Stok (Kayu Putih);Padat;12/08/2024 08:12;12/08/2024 08:12
911;VP-MR Medium;500.00;Rak Stok (Kayu Putih);Padat;12/08/2024 08:13;12/08/2024 08:13
912;Lactose Broth Agar;500.00;Rak Stok (Kayu Putih);Padat;12/08/2024 08:15;12/08/2024 08:15
913;Tryptone Soya Broth;500.00;Rak Stok (Kayu Putih);Padat;12/08/2024 08:15;12/08/2024 08:15
914;Peptone Water Agar;500.00;Rak Stok (Kayu Putih);Padat;12/08/2024 08:16;12/08/2024 08:16
915;SIM Agar;500.00;Rak Stok (Kayu Putih);Padat;12/08/2024 08:16;12/08/2024 08:16
916;Mac Conkey Agar;500.00;Rak Stok (Kayu Putih);Padat;12/08/2024 08:17;12/08/2024 08:17
917;TSIA Agar;500.00;Rak Stok (Kayu Putih);Padat;12/08/2024 08:17;12/08/2024 08:17
918;TCBS Agar;500.00;Rak Stok (Kayu Putih);Padat;12/08/2024 08:17;12/08/2024 08:17
919;Sabaroad Dextrose Agar (SDA);500.00;Rak Stok (Kayu Putih);Padat;12/08/2024 08:18;12/08/2024 08:18
920;Mannitol Salt Agar (MSA);500.00;Rak Stok (Kayu Putih);Padat;12/08/2024 08:19;12/08/2024 08:19
921;Endo Agar;500.00;Rak Stok (Kayu Putih);Padat;12/08/2024 08:19;12/08/2024 08:19
922;Safranin;100.00;Rak Besi Stok;Cair;12/08/2024 08:20;12/08/2024 08:20
923;Eosin;100.00;Rak Besi Stok;Cair;12/08/2024 08:20;12/08/2024 08:20
924;Asam Piruvat;25.00;Rak Besi Stok;Cair;12/08/2024 08:21;12/08/2024 08:21
925;Erlich Reagen;50.00;Rak Besi Stok;Cair;12/08/2024 08:22;12/08/2024 08:22
926;Larutan Giemsa;200.00;Rak Besi Stok;Cair;12/08/2024 08:22;12/08/2024 08:22
927;Ammonium Oksalat;200.00;Rak Besi Stok;Cair;12/08/2024 08:23;12/08/2024 08:23
928;Reagen Barfoed;100.00;Rak Besi Stok;Cair;12/08/2024 08:24;12/08/2024 08:24
929;Reagen Millon;300.00;Rak Besi Stok;Cair;12/08/2024 08:24;12/08/2024 08:24
930;Reagen Wagner;100.00;Rak Besi Stok;Cair;12/08/2024 08:24;12/08/2024 08:24
931;Reagen Biuret;100.00;Rak Besi Stok;Cair;12/08/2024 08:25;12/08/2024 08:25
932;Ammonium Iron;50.00;Rak Stok (Kayu Putih);Padat;12/08/2024 08:26;12/08/2024 08:26
933;Eriochrone;4.00;Rak Stok (Kayu Putih);Padat;12/08/2024 08:26;12/08/2024 08:26
934;Pereaksi Marquis;100.00;Rak Besi Stok;Cair;12/08/2024 08:27;12/08/2024 08:27
935;Acetaldehyde Solution;500.00;Rak Besi + Rak Besi Stok;Cair;12/08/2024 10:02;12/08/2024 10:02
936;Aceton;1000.00;Rak Besi + Rak Besi Stok;Cair;12/08/2024 10:04;12/08/2024 10:04
937;Alumunium Chloride;500.00;Rak Besi;Padat;12/08/2024 10:25;12/08/2024 10:25
938;Hidroclorida Acid Fuming 37%;2500.00;Rak Besi;Cair;12/08/2024 10:45;12/08/2024 10:45
939;MHA;500.00;Rak Besi;Padat;12/08/2024 10:46;12/08/2024 10:46
940;Nutrient Broth (NB) EXP 2026;500.00;Rak Besi;Padat;12/08/2024 10:47;12/08/2024 10:47
941;PDA Agar EXP 2026;500.00;Rak Besi;Padat;12/08/2024 10:47;12/08/2024 10:47
942;LPCB;500.00;Rak Besi;Cair;12/08/2024 10:48;12/08/2024 10:48
943;Ferric Nitrate Nanohydrate EXP 2027;500.00;Rak Besi;Padat;12/08/2024 10:49;12/08/2024 10:49
944;N-(1-Naphthyl) ethylenediamine dihydro-chloride;25.00;Rak Besi;Padat;12/08/2024 10:50;12/08/2024 10:50
945;FeCl3;5.00;Lemari Kayu Berpintu;Padat;12/08/2024 10:51;12/08/2024 10:51
946;Indikator Ferroin;100.00;Rak Besi;Cair;12/08/2024 10:51;12/08/2024 10:51
947;Buffer PBS pH 7,4 EXP 2024;50.00;Rak Besi;Cair;12/08/2024 10:52;12/08/2024 10:52
948;Larutan PBS;200.00;Rak Besi Stok;Cair;12/08/2024 10:53;12/08/2024 10:53
949;Buffer Ammonium pH 7;10.00;Lemari Kayu Berpintu;Cair;12/08/2024 10:53;12/08/2024 10:53
950;Reagen Barfoed;80.00;Lemari Kayu Berpintu;Cair;12/08/2024 10:56;12/08/2024 10:56
951;Natrium Dithionite/Sodium Dithionite;50.00;Lemari Kayu Berpintu;Padat;12/08/2024 10:57;12/08/2024 10:57
952;Methyl Red/Metil Merah EXP 2025;100.00;Rak Besi;Cair;12/08/2024 10:58;12/08/2024 10:58
953;Larutan Eosin;200.00;Rak Besi;Cair;12/08/2024 10:58;12/08/2024 10:58
954;Reagen Toluene;200.00;Rak Besi;Cair;12/08/2024 10:59;12/08/2024 10:59
955;Chlorpeniramine;100.00;Rak Besi Stok;Padat;14/08/2024 08:31;14/08/2024 08:31
956;Codein;50.00;Rak Besi Stok;Padat;14/08/2024 08:31;14/08/2024 08:31
957;Cravit;1000.00;Rak Besi Stok;Padat;14/08/2024 08:32;14/08/2024 08:32
958;Efedrin;2100.00;Rak Besi Stok;Padat;14/08/2024 08:33;14/08/2024 08:33
959;Gliceryl Guaiacolat (GG);2300.00;Rak Besi Stok;Padat;14/08/2024 08:35;14/08/2024 08:35
960;Salbutamol;1000.00;Rak Besi Stok;Padat;14/08/2024 08:36;14/08/2024 08:36
961;Pehacort;150.00;Rak Besi Stok;Padat;14/08/2024 08:36;14/08/2024 08:36
